chr,start,end,POS,SNPID,EA,NEA,EAF,SEF,MINF,MAXF,BETA,SE,DIRECTION,MLOG10P,N,HETISQ,HETCHISQ,HETDF,LHETP,phenotype_id,loci_width,loci_cat
2,27548038,28113911,27730940,2:27730940:C:T,C,T,0.5827,0.0346,0.3928,0.4662,0.0914982554,0.0118380268,++,13.9656,13445,0,0.276,1,-0.2225,seq.11200.52,196150,100-250Kbp
2,27548038,28113911,27730940,2:27730940:C:T,C,T,0.5829,0.0346,0.3928,0.4662,0.0937839471,0.0112837212,++,16.0243,13445,18.8,1.231,1,-0.5733,seq.12077.32,565873,500Kbp-1Mbp
2,27548038,28113911,27598097,2:27598097:C:T,C,T,0.5805,0.037,0.3913,0.4681,0.0823719661,0.0112141956,++,12.6877,13445,58.3,2.395,1,-0.9147,seq.15491.20,204833,100-250Kbp
2,27548038,28113911,27598097,2:27598097:C:T,C,T,0.584,0.0359,0.3913,0.4681,0.079953738,0.0116914506,++,11.0972,13445,0,0.409,1,-0.2819,seq.5843.60,154774,100-250Kbp
